{
    "datapath": "/afs/cern.ch/work/j/joknolle/public/beamimaging",
    "prefix": "DataAnalysis_Fill4937",
    "suffix": "standard",
    "legend": "ReReco, >14 Tracks",
    "vtxres": 0.00356,
    "scaling": 0.00349,
    "offsetx": -18.688,
    "offsety": -26.745,
    "bunchCrossings": [81, 875, 1610, 1690, 1730],
    "minTrk": 14,
    "nbins": 95,
    "steplength": 35,
    "sourcepath": "/eos/cms/store/group/comm_luminosity/PCC/VdM/May2016Scans",
    "sourcedirectories":
    [
        "ZeroBias1/PCC_Run2016B-17Jan2017-v1_ZeroBias1/170130_084827/0000",
        "ZeroBias2/PCC_Run2016B-17Jan2017-v1_ZeroBias2/170130_084841/0000",
        "ZeroBias3/PCC_Run2016B-17Jan2017-v1_ZeroBias3/170130_084855/0000",
        "ZeroBias4/PCC_Run2016B-17Jan2017-v1_ZeroBias4/170130_084911/0000",
        "ZeroBias5/PCC_Run2016B-17Jan2017-v4_ZeroBias5/170213_002332/0000",
        "ZeroBias6/PCC_Run2016B-17Jan2017-v1_ZeroBias6/170130_084929/0000",
        "ZeroBias7/PCC_Run2016B-17Jan2017-v3_ZeroBias7/170213_002401/0000",
        "ZeroBias8/PCC_Run2016B-17Jan2017-v1_ZeroBias8/170130_084943/0000"
    ],
    "scan1XMoveBegin":
    [
        1463496496, 1463496549, 1463496603, 1463496659, 1463496713,
        1463496768, 1463496822, 1463496876, 1463496931, 1463496985,
        1463497039, 1463497094, 1463497148, 1463497202, 1463497257,
        1463497311, 1463497365, 1463497421, 1463497475
    ],
    "scan1XMoveEnd":
    [
        1463496533, 1463496589, 1463496643, 1463496697, 1463496752,
        1463496806, 1463496860, 1463496915, 1463496969, 1463497023,
        1463497078, 1463497132, 1463497188, 1463497241, 1463497295,
        1463497351, 1463497405, 1463497459, 1463497514
    ],
    "scan1YMoveBegin":
    [
        1463497746, 1463497801, 1463497855, 1463497910, 1463497966,
        1463498021, 1463498075, 1463498130, 1463498186, 1463498241,
        1463498295, 1463498349, 1463498404, 1463498459, 1463498515,
        1463498569, 1463498624, 1463498680, 1463498735
    ],
    "scan1YMoveEnd":
    [
        1463497783, 1463497839, 1463497894, 1463497950, 1463498005,
        1463498059, 1463498114, 1463498170, 1463498225, 1463498279,
        1463498334, 1463498388, 1463498442, 1463498497, 1463498553,
        1463498608, 1463498664, 1463498717, 1463498773
    ],
    "scan2XMoveBegin":
    [
        1463499141, 1463499195, 1463499249, 1463499305, 1463499358,
        1463499412, 1463499468, 1463499522, 1463499576, 1463499631,
        1463499685, 1463499739, 1463499794, 1463499848, 1463499903,
        1463499957, 1463500011, 1463500067, 1463500120
    ],
    "scan2XMoveEnd":
    [
        1463499179, 1463499233, 1463499289, 1463499342, 1463499396,
        1463499452, 1463499506, 1463499560, 1463499615, 1463499669,
        1463499724, 1463499778, 1463499832, 1463499887, 1463499941,
        1463499995, 1463500051, 1463500104, 1463500158
    ],
    "scan2YMoveBegin":
    [
        1463500380, 1463500434, 1463500489, 1463500543, 1463500597,
        1463500652, 1463500706, 1463500761, 1463500815, 1463500869,
        1463500925, 1463500979, 1463501032, 1463501088, 1463501142,
        1463501196, 1463501251, 1463501305, 1463501359
    ],
    "scan2YMoveEnd":
    [
        1463500418, 1463500473, 1463500527, 1463500581, 1463500636,
        1463500690, 1463500746, 1463500799, 1463500853, 1463500909,
        1463500963, 1463501018, 1463501072, 1463501126, 1463501181,
        1463501235, 1463501289, 1463501344, 1463501398
    ]
}
