{
    "datapath": "/afs/cern.ch/work/j/joknolle/store/beamimaging",
    "prefix": "DataAnalysis_Fill4954",
    "suffix": "standard",
    "legend": "ReReco, >14 Tracks",
    "vtxres": 0.00356,
    "scaling": 0.00458,
    "offsetx": -14.258,
    "offsety": -20.830,
    "bunchCrossings": [41, 281, 872, 1783, 2063],
    "minTrk": 14,
    "nbins": 95,
    "sourcepath": "/eos/cms/store/group/comm_luminosity/PCC/VdM/May2016Scans",
    "sourcedirectories":
    [
        "ZeroBias1/PCC_Run2016B-17Jan2017-v1_ZeroBias1/170130_084827/0000",
        "ZeroBias2/PCC_Run2016B-17Jan2017-v1_ZeroBias2/170130_084841/0000",
        "ZeroBias3/PCC_Run2016B-17Jan2017-v1_ZeroBias3/170130_084855/0000",
        "ZeroBias4/PCC_Run2016B-17Jan2017-v1_ZeroBias4/170130_084911/0000",
        "ZeroBias5/PCC_Run2016B-17Jan2017-v4_ZeroBias5/170213_002332/0000",
        "ZeroBias6/PCC_Run2016B-17Jan2017-v1_ZeroBias6/170130_084929/0000",
        "ZeroBias7/PCC_Run2016B-17Jan2017-v3_ZeroBias7/170213_002401/0000",
        "ZeroBias8/PCC_Run2016B-17Jan2017-v1_ZeroBias8/170130_084943/0000"
    ],
    "scan1XMoveBegin":
    [
        1464341247, 1464341300, 1464341352, 1464341405, 1464341457,
        1464341510, 1464341562, 1464341614, 1464341667, 1464341721,
        1464341772, 1464341824, 1464341877, 1464341929, 1464341982,
        1464342034, 1464342086, 1464342139, 1464342191
    ],
    "scan1YMoveBegin":
    [
        1464342677, 1464342729, 1464342781, 1464342834, 1464342886,
        1464342939, 1464342993, 1464343044, 1464343096, 1464343150,
        1464343201,1464343254, 1464343306, 1464343358, 1464343411,
        1464343463, 1464343516, 1464343568, 1464343621
    ],
    "scan2XMoveBegin":
    [
        1464344429, 1464344482, 1464344534, 1464344587, 1464344639,
        1464344692, 1464344744, 1464344795, 1464344847, 1464344887,
        1464344952, 1464345005, 1464345057, 1464345110, 1464345162,
        1464345215, 1464345267, 1464345318, 1464345370
    ],
    "scan2YMoveBegin":
    [
        1464345652, 1464345706, 1464345758, 1464345812, 1464345864,
        1464345917, 1464345969, 1464346023, 1464346076, 1464346128,
        1464346180, 1464346233, 1464346287, 1464346341, 1464346393,
        1464346444, 1464346497, 1464346551, 1464346604
    ]
}
