{
    "datapath": "/afs/cern.ch/work/j/joknolle/public/beamimaging",
    "prefix": "DataAnalysis_Fill4266",
    "suffix": "standard",
    "legend": "ReReco, >14 Tracks",
    "vtxres": 0.00356,
    "scaling": 0.00333,
    "offsetx": -21.548,
    "offsety": -29.299,
    "bunchCrossings": [51, 771, 1631, 2211, 2674],
    "minTrk": 14,
    "nbins": 95,
    "steplength": 25,
    "sourcepath": "/eos/cms/store/group/comm_luminosity/PCC/VdM/August2015Scans",
    "sourcedirectories":
    [
        "ZeroBias1/PCC_Run2015C_25ns-19Jan2017-v1_ZeroBias1/170123_184427/0000",
        "ZeroBias2/PCC_Run2015C_25ns-19Jan2017-v1_ZeroBias2/170123_184441/0000",
        "ZeroBias3/PCC_Run2015C_25ns-19Jan2017-v1_ZeroBias3/170210_151040/0000",
        "ZeroBias4/PCC_Run2015C_25ns-19Jan2017-v1_ZeroBias4/170123_184504/0000",
        "ZeroBias5/PCC_Run2015C_25ns-19Jan2017-v1_ZeroBias5/170210_151105/0000",
        "ZeroBias6/PCC_Run2015C_25ns-19Jan2017-v1_ZeroBias6/170123_184518/0000",
        "ZeroBias7/PCC_Run2015C_25ns-19Jan2017-v1_ZeroBias7/170123_184536/0000",
        "ZeroBias8/PCC_Run2015C_25ns-19Jan2017-v1_ZeroBias8/170123_184550/0000"
    ],
    "scan1XMoveBegin":
    [
        1440472571, 1440472614, 1440472657, 1440472700, 1440472743,
        1440472786, 1440472829, 1440472872, 1440472914, 1440472957,
        1440473000, 1440473043, 1440473086, 1440473129, 1440473172,
        1440473215, 1440473257, 1440473301, 1440473343
    ],
    "scan1XMoveEnd":
    [
        1440472600, 1440472642, 1440472686, 1440472728, 1440472772,
        1440472814, 1440472858, 1440472900, 1440472944, 1440472986,
        1440473028, 1440473072, 1440473115, 1440473158, 1440473200,
        1440473244, 1440473286, 1440473328, 1440473372
    ],
    "scan1YMoveBegin":
    [
        1440473655, 1440473698, 1440473742, 1440473786, 1440473829,
        1440473873, 1440473917, 1440473961, 1440474004, 1440474048,
        1440474092, 1440474137, 1440474179, 1440474223, 1440474267,
        1440474310, 1440474354, 1440474398, 1440474441
    ],
    "scan1YMoveEnd":
    [
        1440473682, 1440473727, 1440473770, 1440473815, 1440473857,
        1440473901, 1440473945, 1440473988, 1440474032, 1440474076,
        1440474119, 1440474163, 1440474207, 1440474250, 1440474294,
        1440474339, 1440474382, 1440474427, 1440474470
    ],
    "scan2XMoveBegin":
    [
        1440474775, 1440474819, 1440474862, 1440474905, 1440474948,
        1440474992, 1440475036, 1440475080, 1440475122, 1440475165,
        1440475209, 1440475253, 1440475295, 1440475339, 1440475383,
        1440475426, 1440475470, 1440475514, 1440475557
    ],
    "scan2XMoveEnd":
    [
        1440474803, 1440474846, 1440474890, 1440474934, 1440474977,
        1440475021, 1440475063, 1440475107, 1440475151, 1440475195,
        1440475237, 1440475281, 1440475324, 1440475368, 1440475412,
        1440475455, 1440475498, 1440475541, 1440475585
    ],
    "scan2YMoveBegin":
    [
        1440475865, 1440475909, 1440475951, 1440475994, 1440476037,
        1440476080, 1440476123, 1440476166, 1440476210, 1440476254,
        1440476297, 1440476340, 1440476383, 1440476426, 1440476469,
        1440476512, 1440476555, 1440476599, 1440476641
    ],
    "scan2YMoveEnd":
    [
        1440475894, 1440475936, 1440475980, 1440476022, 1440476066,
        1440476110, 1440476152, 1440476195, 1440476238, 1440476281,
        1440476325, 1440476369, 1440476411, 1440476455, 1440476499,
        1440476541, 1440476585, 1440476627, 1440476670
    ]
}
